Date,Input Voltage,CPU Temp,CPU Clock,CPU Usage,Governor,Fan RPM,Fan Percent,Undervoltage detected,Arm frequency capped,Currently throttled,Soft temperature limit active,Undervoltage has occurred,Arm frequency capping has occurred,Throttling has occurred,Soft temperature limit has occurred
2024-11-21 20:50:26.286798,4.891,48.8,2400037120,18.7,ondemand,0,0,False,False,False,False,False,False,False,False
2024-11-21 20:50:27.331953,4.88564,48.8,2400037120,2.2,ondemand,0,0,False,False,False,False,False,False,False,False
2024-11-21 20:50:28.373829,4.87894,47.7,1500019456,1.9,ondemand,0,0,False,False,False,False,False,False,False,False
2024-11-21 20:50:29.418721,4.88162,47.7,1500016128,1.2,ondemand,0,0,False,False,False,False,False,False,False,False
2024-11-21 20:50:30.462581,4.88564,48.3,1600020224,2.4,ondemand,0,0,False,False,False,False,False,False,False,False
2024-11-21 20:50:31.509370,4.89502,48.3,1500016128,1.9,ondemand,0,0,False,False,False,False,False,False,False,False
2024-11-21 20:50:32.553079,4.91512,47.7,1600023552,5.3,ondemand,0,0,False,False,False,False,False,False,False,False
2024-11-21 20:50:33.601123,4.88162,48.3,2400027136,5.3,ondemand,0,0,False,False,False,False,False,False,False,False
2024-11-21 20:50:34.643401,4.87894,49.4,2400023808,0.2,ondemand,0,0,False,False,False,False,False,False,False,False
2024-11-21 20:50:35.685918,4.88564,48.8,2400033792,0.2,ondemand,0,0,False,False,False,False,False,False,False,False
2024-11-21 20:50:36.743525,4.8843,48.3,2400023808,0.5,ondemand,0,0,False,False,False,False,False,False,False,False
2024-11-21 20:50:37.784232,4.90306,47.2,1500012800,0.5,ondemand,0,0,False,False,False,False,False,False,False,False
2024-11-21 20:50:38.827561,4.89636,48.3,1500016128,1.0,ondemand,0,0,False,False,False,False,False,False,False,False
2024-11-21 20:50:39.872138,4.891,46.1,1500022656,0.7,ondemand,0,0,False,False,False,False,False,False,False,False
2024-11-21 20:50:40.915429,4.88832,47.7,2400033792,5.0,ondemand,0,0,False,False,False,False,False,False,False,False
2024-11-21 20:50:41.956647,4.9245,49.4,2400033792,2.9,ondemand,0,0,False,False,False,False,False,False,False,False
2024-11-21 20:50:42.997980,4.87626,48.8,2400023808,1.0,ondemand,0,0,False,False,False,False,False,False,False,False
2024-11-21 20:50:44.039521,4.88698,48.3,2400030464,1.9,ondemand,0,0,False,False,False,False,False,False,False,False
2024-11-21 20:50:45.081534,4.89368,48.3,2400033792,4.1,ondemand,0,0,False,False,False,False,False,False,False,False
2024-11-21 20:50:46.124908,4.89368,47.2,1500022656,5.0,ondemand,0,0,False,False,False,False,False,False,False,False
2024-11-21 20:50:47.171874,4.90842,46.6,1500019456,1.2,ondemand,0,0,False,False,False,False,False,False,False,False
2024-11-21 20:50:48.217544,4.88698,48.3,1500019456,0.5,ondemand,0,0,False,False,False,False,False,False,False,False
2024-11-21 20:50:49.262097,4.90708,47.7,1500019456,1.2,ondemand,0,0,False,False,False,False,False,False,False,False
2024-11-21 20:50:50.314742,4.88698,48.3,1500019456,5.6,ondemand,0,0,False,False,False,False,False,False,False,False
2024-11-21 20:50:51.362163,4.88966,48.8,1600023552,4.2,ondemand,0,0,False,False,False,False,False,False,False,False
2024-11-21 20:50:52.406676,4.90306,48.8,1600017024,4.6,ondemand,0,0,False,False,False,False,False,False,False,False
2024-11-21 20:50:53.451477,4.89636,47.7,1500019456,3.3,ondemand,0,0,False,False,False,False,False,False,False,False
2024-11-21 20:50:54.496066,4.88698,48.3,1500022656,1.0,ondemand,0,0,False,False,False,False,False,False,False,False
2024-11-21 20:50:55.539633,4.87358,47.2,1500022656,2.1,ondemand,0,0,False,False,False,False,False,False,False,False
2024-11-21 20:50:56.584383,4.8977,47.7,1500022656,0.7,ondemand,0,0,False,False,False,False,False,False,False,False
2024-11-21 20:50:57.631632,4.8776,48.8,1500019456,2.6,ondemand,0,0,False,False,False,False,False,False,False,False
2024-11-21 20:50:58.676484,4.86554,49.4,2400037120,6.5,ondemand,0,0,False,False,False,False,False,False,False,False
2024-11-21 20:50:59.719375,4.87894,49.4,2400030464,1.9,ondemand,0,0,False,False,False,False,False,False,False,False
2024-11-21 20:51:00.763373,4.88698,48.8,2400020480,0.7,ondemand,0,0,False,False,False,False,False,False,False,False
2024-11-21 20:51:01.848764,4.88698,48.8,2400033792,1.2,ondemand,0,0,False,False,False,False,False,False,False,False
2024-11-21 20:51:02.890781,4.86688,48.8,2400020480,1.4,ondemand,0,0,False,False,False,False,False,False,False,False
2024-11-21 20:51:03.937085,4.8977,48.3,1500019456,0.0,ondemand,0,0,False,False,False,False,False,False,False,False
2024-11-21 20:51:04.980691,4.90306,47.7,1500012800,0.2,ondemand,0,0,False,False,False,False,False,False,False,False
2024-11-21 20:51:06.024991,4.89636,46.6,1500012800,0.2,ondemand,0,0,False,False,False,False,False,False,False,False
2024-11-21 20:51:07.068877,4.89234,48.3,1500012800,0.2,ondemand,0,0,False,False,False,False,False,False,False,False
2024-11-21 20:51:08.114034,4.89368,47.7,1500012800,0.2,ondemand,0,0,False,False,False,False,False,False,False,False
2024-11-21 20:51:09.157800,4.88564,49.4,1500016128,1.2,ondemand,0,0,False,False,False,False,False,False,False,False
2024-11-21 20:51:10.203377,4.8977,48.3,1500016128,1.7,ondemand,0,0,False,False,False,False,False,False,False,False
2024-11-21 20:51:11.248166,4.87626,48.3,2400023808,3.8,ondemand,0,0,False,False,False,False,False,False,False,False
2024-11-21 20:51:12.292507,4.88832,48.8,2400033792,10.1,ondemand,0,0,False,False,False,False,False,False,False,False
2024-11-21 20:51:13.335392,4.8776,48.8,2400023808,0.2,ondemand,0,0,False,False,False,False,False,False,False,False
2024-11-21 20:51:14.377759,4.87492,47.7,2400030464,0.2,ondemand,0,0,False,False,False,False,False,False,False,False
2024-11-21 20:51:15.419617,4.88564,49.4,2400027136,0.0,ondemand,0,0,False,False,False,False,False,False,False,False
2024-11-21 20:51:16.462231,4.8776,48.8,2400033792,5.8,ondemand,0,0,False,False,False,False,False,False,False,False
2024-11-21 20:51:17.505899,4.8709,49.4,2400037120,2.6,ondemand,0,0,False,False,False,False,False,False,False,False
2024-11-21 20:51:18.548982,4.87224,48.3,2400020480,5.6,ondemand,0,0,False,False,False,False,False,False,False,False
2024-11-21 20:51:19.595307,4.88832,49.9,2400033792,3.8,ondemand,0,0,False,False,False,False,False,False,False,False
2024-11-21 20:51:20.641175,4.88698,48.8,2400033792,0.2,ondemand,0,0,False,False,False,False,False,False,False,False
2024-11-21 20:51:21.684976,4.87894,48.3,1500016128,2.9,ondemand,0,0,False,False,False,False,False,False,False,False
2024-11-21 20:51:22.731258,4.89904,48.3,1500016128,1.4,ondemand,0,0,False,False,False,False,False,False,False,False
2024-11-21 20:51:23.778991,4.90038,47.2,1500019456,0.0,ondemand,0,0,False,False,False,False,False,False,False,False
2024-11-21 20:51:24.822627,4.88966,48.8,1500016128,2.4,ondemand,0,0,False,False,False,False,False,False,False,False
2024-11-21 20:51:25.869694,4.89636,48.8,1500012800,0.2,ondemand,0,0,False,False,False,False,False,False,False,False
2024-11-21 20:51:26.913228,4.85616,49.4,1700014464,6.5,ondemand,0,0,False,False,False,False,False,False,False,False
2024-11-21 20:51:27.960776,4.87894,48.3,2400037120,23.1,ondemand,0,0,False,False,False,False,False,False,False,False
2024-11-21 20:51:29.004407,4.88162,48.3,2400023808,9.1,ondemand,0,0,False,False,False,False,False,False,False,False
2024-11-21 20:51:30.052467,4.88296,50.5,2400037120,17.3,ondemand,0,0,False,False,False,False,False,False,False,False
2024-11-21 20:51:31.096440,4.83338,49.4,2400030464,20.3,ondemand,0,0,False,False,False,False,False,False,False,False
2024-11-21 20:51:32.143459,4.86018,51.0,1700021120,22.3,ondemand,7,75,False,False,False,False,False,False,False,False
2024-11-21 20:51:33.192249,4.85482,49.9,2400037120,16.9,ondemand,1045,75,False,False,False,False,False,False,False,False
2024-11-21 20:51:34.258311,4.88296,50.5,2400023808,3.8,ondemand,1179,75,False,False,False,False,False,False,False,False
2024-11-21 20:51:35.304531,4.88162,48.3,2400020480,0.2,ondemand,1206,75,False,False,False,False,False,False,False,False
2024-11-21 20:51:36.346188,4.88698,49.9,2400027136,0.2,ondemand,1217,75,False,False,False,False,False,False,False,False
2024-11-21 20:51:37.388581,4.90172,48.8,1500009472,0.0,ondemand,1219,75,False,False,False,False,False,False,False,False
2024-11-21 20:51:38.432066,4.90306,48.3,1500016128,0.5,ondemand,1222,75,False,False,False,False,False,False,False,False
2024-11-21 20:51:39.481908,4.88698,48.8,1500019456,0.5,ondemand,1224,75,False,False,False,False,False,False,False,False
2024-11-21 20:51:40.525643,4.89234,48.8,1500012800,1.4,ondemand,1222,75,False,False,False,False,False,False,False,False
2024-11-21 20:51:41.571265,4.88698,48.3,1500019456,1.4,ondemand,1222,75,False,False,False,False,False,False,False,False
2024-11-21 20:51:42.616058,4.8642,48.3,1500022656,2.9,ondemand,1221,75,False,False,False,False,False,False,False,False
2024-11-21 20:51:43.666306,4.8843,49.4,2400023808,7.4,ondemand,1218,75,False,False,False,False,False,False,False,False
2024-11-21 20:51:44.708340,4.88162,49.4,2400027136,1.7,ondemand,1218,75,False,False,False,False,False,False,False,False
2024-11-21 20:51:45.750882,4.8843,48.8,2400033792,0.5,ondemand,1219,75,False,False,False,False,False,False,False,False
2024-11-21 20:51:46.792513,4.88162,49.4,2400020480,1.0,ondemand,1219,75,False,False,False,False,False,False,False,False
2024-11-21 20:51:47.834743,4.88966,49.4,1500019456,2.2,ondemand,1221,75,False,False,False,False,False,False,False,False
2024-11-21 20:51:48.880428,4.88564,48.8,1900022784,5.0,ondemand,1223,75,False,False,False,False,False,False,False,False
2024-11-21 20:51:49.924285,4.8776,47.7,1500016128,5.5,ondemand,1223,75,False,False,False,False,False,False,False,False
2024-11-21 20:51:50.972453,4.89368,48.3,1500022656,1.0,ondemand,1226,75,False,False,False,False,False,False,False,False
2024-11-21 20:51:52.018063,4.89904,47.7,1500019456,1.2,ondemand,1227,75,False,False,False,False,False,False,False,False
2024-11-21 20:51:53.062467,4.88698,48.3,1500016128,2.4,ondemand,1227,75,False,False,False,False,False,False,False,False
2024-11-21 20:51:54.107176,4.88832,47.2,1800022016,1.9,ondemand,1227,75,False,False,False,False,False,False,False,False
2024-11-21 20:51:55.153601,4.88966,48.8,1500016128,0.7,ondemand,1228,75,False,False,False,False,False,False,False,False
2024-11-21 20:51:56.197105,4.8843,47.7,2400027136,16.4,ondemand,1224,75,False,False,False,False,False,False,False,False
2024-11-21 20:51:57.239236,4.86554,48.3,2400023808,4.1,ondemand,1226,75,False,False,False,False,False,False,False,False
2024-11-21 20:51:58.381944,4.8843,49.4,2400033792,2.2,ondemand,1229,75,False,False,False,False,False,False,False,False
2024-11-21 20:51:59.424354,4.88698,47.2,2400023808,4.3,ondemand,1230,75,False,False,False,False,False,False,False,False
2024-11-21 20:52:00.467181,4.90306,47.7,1500022656,5.5,ondemand,1230,75,False,False,False,False,False,False,False,False
2024-11-21 20:52:01.512381,4.8843,48.3,1500019456,4.6,ondemand,1232,75,False,False,False,False,False,False,False,False
2024-11-21 20:52:02.560675,4.89234,46.6,1500016128,1.0,ondemand,1237,75,False,False,False,False,False,False,False,False
2024-11-21 20:52:03.605166,4.89368,46.1,1500019456,1.4,ondemand,1235,75,False,False,False,False,False,False,False,False
2024-11-21 20:52:04.648189,4.89368,47.7,1500016128,4.6,ondemand,1237,75,False,False,False,False,False,False,False,False
2024-11-21 20:52:05.692700,4.88698,47.7,2400030464,9.6,ondemand,1235,75,False,False,False,False,False,False,False,False
2024-11-21 20:52:06.739043,4.83606,47.7,2400033792,4.5,ondemand,1235,75,False,False,False,False,False,False,False,False
2024-11-21 20:52:07.782576,4.8709,48.3,2400033792,0.7,ondemand,1238,75,False,False,False,False,False,False,False,False
2024-11-21 20:52:08.825234,4.88296,47.7,2400027136,1.4,ondemand,1238,75,False,False,False,False,False,False,False,False
2024-11-21 20:52:09.868053,4.88564,48.3,2400020480,2.1,ondemand,1239,75,False,False,False,False,False,False,False,False
2024-11-21 20:52:10.912103,4.88162,47.7,1500012800,1.0,ondemand,1240,75,False,False,False,False,False,False,False,False
2024-11-21 20:52:11.956318,4.8709,48.3,2400027136,8.1,ondemand,1237,75,False,False,False,False,False,False,False,False
2024-11-21 20:52:13.000551,4.88966,48.3,2400037120,1.2,ondemand,1239,75,False,False,False,False,False,False,False,False
2024-11-21 20:52:14.049775,4.85616,46.6,2400033792,1.9,ondemand,1240,75,False,False,False,False,False,False,False,False
2024-11-21 20:52:15.091558,4.84544,47.7,2400030464,2.1,ondemand,1241,75,False,False,False,False,False,False,False,False
2024-11-21 20:52:16.134335,4.8843,47.2,2400033792,1.9,ondemand,1241,75,False,False,False,False,False,False,False,False
2024-11-21 20:52:17.176453,4.88966,46.1,1500016128,2.1,ondemand,1244,75,False,False,False,False,False,False,False,False
2024-11-21 20:52:18.220926,4.90708,46.6,1500012800,2.8,ondemand,1245,75,False,False,False,False,False,False,False,False
2024-11-21 20:52:19.265618,4.88698,46.6,1500022656,0.2,ondemand,1247,75,False,False,False,False,False,False,False,False
2024-11-21 20:52:20.313523,4.89502,46.1,1500019456,0.2,ondemand,1247,75,False,False,False,False,False,False,False,False
2024-11-21 20:52:21.358406,4.88698,47.2,1500019456,0.7,ondemand,0,0,False,False,False,False,False,False,False,False
2024-11-21 20:52:22.402287,4.8977,46.6,1500016128,0.2,ondemand,0,0,False,False,False,False,False,False,False,False
2024-11-21 20:52:23.445789,4.8977,48.3,1500019456,1.4,ondemand,0,0,False,False,False,False,False,False,False,False
2024-11-21 20:52:24.506079,4.8843,47.2,1500019456,0.5,ondemand,0,0,False,False,False,False,False,False,False,False
2024-11-21 20:52:25.551272,4.87626,47.2,1500022656,0.7,ondemand,0,0,False,False,False,False,False,False,False,False
2024-11-21 20:52:26.594860,4.88698,46.1,1800025216,3.6,ondemand,0,0,False,False,False,False,False,False,False,False
2024-11-21 20:52:27.639082,4.86822,47.2,1500016128,1.7,ondemand,0,0,False,False,False,False,False,False,False,False
2024-11-21 20:52:28.683489,4.88832,44.4,1500019456,1.4,ondemand,0,0,False,False,False,False,False,False,False,False
2024-11-21 20:52:29.728216,4.891,45.5,1600020224,1.4,ondemand,0,0,False,False,False,False,False,False,False,False
2024-11-21 20:52:30.773585,4.89904,45.5,1500022656,0.5,ondemand,0,0,False,False,False,False,False,False,False,False
2024-11-21 20:52:31.818994,4.88296,47.2,1500012800,1.9,ondemand,0,0,False,False,False,False,False,False,False,False
2024-11-21 20:52:32.863581,4.89368,46.1,1500019456,0.7,ondemand,0,0,False,False,False,False,False,False,False,False
2024-11-21 20:52:33.908920,4.88564,46.1,1500022656,2.6,ondemand,0,0,False,False,False,False,False,False,False,False
2024-11-21 20:52:34.953966,4.89636,46.6,1500019456,0.5,ondemand,0,0,False,False,False,False,False,False,False,False
2024-11-21 20:52:35.998073,4.90038,46.6,1500012800,0.5,ondemand,0,0,False,False,False,False,False,False,False,False
2024-11-21 20:52:37.041932,4.89904,46.6,1500019456,1.0,ondemand,0,0,False,False,False,False,False,False,False,False
2024-11-21 20:52:38.086021,4.88966,46.1,1500012800,0.2,ondemand,0,0,False,False,False,False,False,False,False,False
2024-11-21 20:52:39.133169,4.8977,45.5,1500019456,0.2,ondemand,0,0,False,False,False,False,False,False,False,False
2024-11-21 20:52:40.218785,4.86286,48.3,2400037120,14.5,ondemand,0,0,False,False,False,False,False,False,False,False
2024-11-21 20:52:41.264057,4.88162,47.2,2400027136,1.2,ondemand,0,0,False,False,False,False,False,False,False,False
2024-11-21 20:52:42.310206,4.88698,48.3,2400027136,3.1,ondemand,0,0,False,False,False,False,False,False,False,False
2024-11-21 20:52:43.353197,4.87358,48.8,2400027136,0.2,ondemand,0,0,False,False,False,False,False,False,False,False
2024-11-21 20:52:44.396316,4.88028,46.6,2400033792,0.0,ondemand,0,0,False,False,False,False,False,False,False,False
2024-11-21 20:52:45.540396,4.89636,47.7,1500022656,0.5,ondemand,0,0,False,False,False,False,False,False,False,False
2024-11-21 20:52:46.585338,4.89904,45.5,1500019456,0.5,ondemand,0,0,False,False,False,False,False,False,False,False
2024-11-21 20:52:47.630443,4.89904,46.6,1500012800,0.0,ondemand,0,0,False,False,False,False,False,False,False,False
2024-11-21 20:52:48.674056,4.90306,46.6,1500019456,0.5,ondemand,0,0,False,False,False,False,False,False,False,False
2024-11-21 20:52:49.719152,4.8843,47.2,2400023808,5.5,ondemand,0,0,False,False,False,False,False,False,False,False
2024-11-21 20:52:50.762150,4.87224,47.7,2400027136,4.1,ondemand,0,0,False,False,False,False,False,False,False,False
2024-11-21 20:52:51.805776,4.88832,47.2,2400027136,8.4,ondemand,0,0,False,False,False,False,False,False,False,False
2024-11-21 20:52:52.849078,4.8776,48.3,2400033792,1.0,ondemand,0,0,False,False,False,False,False,False,False,False
2024-11-21 20:52:53.891351,4.88832,46.1,2400033792,0.7,ondemand,0,0,False,False,False,False,False,False,False,False
2024-11-21 20:52:54.935242,4.88698,47.7,1600020224,0.7,ondemand,0,0,False,False,False,False,False,False,False,False
2024-11-21 20:52:55.980199,4.8977,47.7,1500019456,1.4,ondemand,0,0,False,False,False,False,False,False,False,False
2024-11-21 20:52:57.024866,4.891,46.6,1500016128,0.7,ondemand,0,0,False,False,False,False,False,False,False,False
2024-11-21 20:52:58.069309,4.89368,46.6,1500016128,1.0,ondemand,0,0,False,False,False,False,False,False,False,False
2024-11-21 20:52:59.113671,4.89502,46.6,1500019456,0.2,ondemand,0,0,False,False,False,False,False,False,False,False
2024-11-21 20:53:00.156808,4.9111,46.6,2400030464,6.0,ondemand,0,0,False,False,False,False,False,False,False,False
2024-11-21 20:53:01.199455,4.88698,48.3,2400027136,1.0,ondemand,0,0,False,False,False,False,False,False,False,False
2024-11-21 20:53:02.241224,4.87626,48.3,2400037120,15.4,ondemand,0,0,False,False,False,False,False,False,False,False
2024-11-21 20:53:03.284712,4.88564,48.3,2400030464,1.2,ondemand,0,0,False,False,False,False,False,False,False,False
2024-11-21 20:53:04.328072,4.88698,48.8,2400033792,0.2,ondemand,0,0,False,False,False,False,False,False,False,False
2024-11-21 20:53:05.371437,4.90038,46.6,1500019456,0.5,ondemand,0,0,False,False,False,False,False,False,False,False
2024-11-21 20:53:06.416018,4.88832,47.2,1600013696,0.7,ondemand,0,0,False,False,False,False,False,False,False,False
2024-11-21 20:53:07.461632,4.89368,46.1,1500022656,0.7,ondemand,0,0,False,False,False,False,False,False,False,False
2024-11-21 20:53:08.504884,4.8642,47.7,1500019456,0.5,ondemand,0,0,False,False,False,False,False,False,False,False
2024-11-21 20:53:09.548681,4.88832,47.2,1500016128,0.2,ondemand,0,0,False,False,False,False,False,False,False,False
2024-11-21 20:53:10.591903,4.90306,47.7,1500012800,1.0,ondemand,0,0,False,False,False,False,False,False,False,False
2024-11-21 20:53:11.635335,4.891,47.2,1500016128,0.9,ondemand,0,0,False,False,False,False,False,False,False,False
2024-11-21 20:53:12.719619,4.88966,47.7,1800022016,5.3,ondemand,0,0,False,False,False,False,False,False,False,False
2024-11-21 20:53:13.765477,4.88832,48.3,1500019456,1.7,ondemand,0,0,False,False,False,False,False,False,False,False
2024-11-21 20:53:14.811212,4.8977,47.2,1500019456,0.7,ondemand,0,0,False,False,False,False,False,False,False,False
2024-11-21 20:53:15.855753,4.88698,47.7,1600023552,2.4,ondemand,0,0,False,False,False,False,False,False,False,False
2024-11-21 20:53:16.902578,4.89636,46.1,1500022656,1.2,ondemand,0,0,False,False,False,False,False,False,False,False
2024-11-21 20:53:17.946792,4.8977,48.3,1500012800,1.4,ondemand,0,0,False,False,False,False,False,False,False,False
2024-11-21 20:53:18.991060,4.89234,47.2,1500022656,0.7,ondemand,0,0,False,False,False,False,False,False,False,False
2024-11-21 20:53:20.034417,4.90172,47.2,2400037120,6.7,ondemand,0,0,False,False,False,False,False,False,False,False
2024-11-21 20:53:21.075840,4.88698,48.8,2400030464,0.7,ondemand,0,0,False,False,False,False,False,False,False,False
2024-11-21 20:53:22.117215,4.90038,49.4,2400033792,3.6,ondemand,0,0,False,False,False,False,False,False,False,False
2024-11-21 20:53:23.160306,4.8776,48.8,2400030464,1.2,ondemand,0,0,False,False,False,False,False,False,False,False
2024-11-21 20:53:24.204250,4.88698,49.4,2400037120,4.1,ondemand,0,0,False,False,False,False,False,False,False,False
2024-11-21 20:53:25.246569,4.89904,46.6,1500012800,0.0,ondemand,0,0,False,False,False,False,False,False,False,False
2024-11-21 20:53:26.290262,4.90172,47.2,1500016128,0.0,ondemand,0,0,False,False,False,False,False,False,False,False
2024-11-21 20:53:27.334219,4.90172,47.7,1500019456,3.9,ondemand,0,0,False,False,False,False,False,False,False,False
2024-11-21 20:53:28.381825,4.87894,47.7,1600023552,0.7,ondemand,0,0,False,False,False,False,False,False,False,False
2024-11-21 20:53:29.466467,4.88698,47.7,1500016128,3.0,ondemand,0,0,False,False,False,False,False,False,False,False
2024-11-21 20:53:30.514677,4.891,48.3,1500022656,2.7,ondemand,0,0,False,False,False,False,False,False,False,False
2024-11-21 20:53:31.559175,4.89234,47.7,1500022656,0.2,ondemand,0,0,False,False,False,False,False,False,False,False
2024-11-21 20:53:32.605678,4.86152,48.3,1500012800,4.1,ondemand,0,0,False,False,False,False,False,False,False,False
2024-11-21 20:53:33.652318,4.90038,47.7,1500016128,0.5,ondemand,0,0,False,False,False,False,False,False,False,False
2024-11-21 20:53:34.696051,4.88698,45.5,1600017024,2.2,ondemand,0,0,False,False,False,False,False,False,False,False
2024-11-21 20:53:35.748197,4.90574,46.6,1500012800,3.9,ondemand,0,0,False,False,False,False,False,False,False,False
2024-11-21 20:53:36.792058,4.88698,47.7,1500022656,1.2,ondemand,0,0,False,False,False,False,False,False,False,False
2024-11-21 20:53:37.836129,4.87894,48.3,1600023552,1.2,ondemand,0,0,False,False,False,False,False,False,False,False
2024-11-21 20:53:38.882688,4.87492,48.8,1600017024,4.8,ondemand,0,0,False,False,False,False,False,False,False,False
2024-11-21 20:53:39.929582,4.90574,47.7,1500022656,3.1,ondemand,0,0,False,False,False,False,False,False,False,False
2024-11-21 20:53:40.973628,4.891,47.2,1500012800,6.4,ondemand,0,0,False,False,False,False,False,False,False,False
2024-11-21 20:53:42.019112,4.90038,47.7,1500012800,6.3,ondemand,0,0,False,False,False,False,False,False,False,False
2024-11-21 20:53:43.063121,4.891,46.6,1500022656,6.4,ondemand,0,0,False,False,False,False,False,False,False,False
2024-11-21 20:53:44.109340,4.8977,47.7,1500022656,6.8,ondemand,0,0,False,False,False,False,False,False,False,False
2024-11-21 20:53:45.154162,4.88698,48.3,1500022656,7.2,ondemand,0,0,False,False,False,False,False,False,False,False
2024-11-21 20:53:46.202504,4.90172,46.6,1500019456,5.7,ondemand,0,0,False,False,False,False,False,False,False,False
2024-11-21 20:53:47.247650,4.8977,47.7,1500022656,0.2,ondemand,0,0,False,False,False,False,False,False,False,False
2024-11-21 20:53:48.292079,4.90708,47.2,1500016128,0.2,ondemand,0,0,False,False,False,False,False,False,False,False
2024-11-21 20:53:49.335671,4.89368,47.2,1500022656,0.5,ondemand,0,0,False,False,False,False,False,False,False,False
2024-11-21 20:53:50.382302,4.89904,47.2,1500016128,0.5,ondemand,0,0,False,False,False,False,False,False,False,False
2024-11-21 20:53:51.424828,4.89904,47.7,1500016128,0.0,ondemand,0,0,False,False,False,False,False,False,False,False
2024-11-21 20:53:52.471385,4.89636,48.3,1500022656,0.7,ondemand,0,0,False,False,False,False,False,False,False,False
2024-11-21 20:53:53.517145,4.89234,46.6,1500012800,0.2,ondemand,0,0,False,False,False,False,False,False,False,False
2024-11-21 20:53:54.560958,4.891,47.2,1500012800,0.0,ondemand,0,0,False,False,False,False,False,False,False,False
2024-11-21 20:53:55.604928,4.88698,47.7,1500016128,0.5,ondemand,0,0,False,False,False,False,False,False,False,False
2024-11-21 20:53:56.649663,4.88832,47.7,1500016128,0.0,ondemand,0,0,False,False,False,False,False,False,False,False
2024-11-21 20:53:57.696480,4.88028,47.2,1500019456,0.0,ondemand,0,0,False,False,False,False,False,False,False,False
2024-11-21 20:53:58.740393,4.89636,46.6,1500019456,0.0,ondemand,0,0,False,False,False,False,False,False,False,False
2024-11-21 20:53:59.784570,4.88966,47.2,1500022656,0.7,ondemand,0,0,False,False,False,False,False,False,False,False
2024-11-21 20:54:00.828465,4.8977,47.7,1500016128,0.0,ondemand,0,0,False,False,False,False,False,False,False,False
2024-11-21 20:54:01.874024,4.89368,47.2,1500016128,1.2,ondemand,0,0,False,False,False,False,False,False,False,False
2024-11-21 20:54:02.918510,4.88162,47.7,1500012800,0.7,ondemand,0,0,False,False,False,False,False,False,False,False
2024-11-21 20:54:03.963418,4.89234,47.7,1500022656,0.7,ondemand,0,0,False,False,False,False,False,False,False,False
2024-11-21 20:54:05.009197,4.891,48.3,1500016128,0.2,ondemand,0,0,False,False,False,False,False,False,False,False
2024-11-21 20:54:06.052670,4.89502,47.2,1500016128,0.2,ondemand,0,0,False,False,False,False,False,False,False,False
2024-11-21 20:54:07.096636,4.89904,47.7,1500019456,0.5,ondemand,0,0,False,False,False,False,False,False,False,False
2024-11-21 20:54:08.140059,4.89234,46.6,1500019456,0.5,ondemand,0,0,False,False,False,False,False,False,False,False
2024-11-21 20:54:09.183936,4.88832,46.6,1500016128,0.5,ondemand,0,0,False,False,False,False,False,False,False,False
2024-11-21 20:54:10.227712,4.88162,47.7,1500022656,0.2,ondemand,0,0,False,False,False,False,False,False,False,False
2024-11-21 20:54:11.271587,4.891,47.2,1500019456,0.5,ondemand,0,0,False,False,False,False,False,False,False,False
2024-11-21 20:54:12.315787,4.86554,47.7,1500022656,0.5,ondemand,0,0,False,False,False,False,False,False,False,False
2024-11-21 20:54:13.359814,4.891,47.7,1500016128,0.7,ondemand,0,0,False,False,False,False,False,False,False,False
2024-11-21 20:54:14.403351,4.89368,47.7,1500019456,0.5,ondemand,0,0,False,False,False,False,False,False,False,False
2024-11-21 20:54:15.447563,4.89904,47.2,1600013696,3.6,ondemand,0,0,False,False,False,False,False,False,False,False
2024-11-21 20:54:16.491624,4.89904,47.7,1500012800,0.7,ondemand,0,0,False,False,False,False,False,False,False,False
2024-11-21 20:54:17.537119,4.9044,47.7,1500016128,0.5,ondemand,0,0,False,False,False,False,False,False,False,False
2024-11-21 20:54:18.623844,4.8977,48.3,1500016128,1.8,ondemand,0,0,False,False,False,False,False,False,False,False
2024-11-21 20:54:19.669470,4.87894,49.4,1600023552,6.0,ondemand,0,0,False,False,False,False,False,False,False,False
2024-11-21 20:54:20.713762,4.88698,49.4,1500016128,2.2,ondemand,0,0,False,False,False,False,False,False,False,False
2024-11-21 20:54:21.759233,4.87894,48.3,2400027136,6.7,ondemand,0,0,False,False,False,False,False,False,False,False
2024-11-21 20:54:22.801367,4.88832,48.8,2400020480,15.4,ondemand,0,0,False,False,False,False,False,False,False,False
2024-11-21 20:54:23.843999,4.8843,49.9,2400020480,0.2,ondemand,0,0,False,False,False,False,False,False,False,False
2024-11-21 20:54:24.887324,4.90708,48.8,2400033792,0.5,ondemand,0,0,False,False,False,False,False,False,False,False
2024-11-21 20:54:25.930238,4.88162,49.4,2400030464,2.9,ondemand,0,0,False,False,False,False,False,False,False,False
2024-11-21 20:54:26.975502,4.88564,49.4,1500016128,1.7,ondemand,0,0,False,False,False,False,False,False,False,False
2024-11-21 20:54:28.021578,4.86822,49.4,1600020224,1.7,ondemand,0,0,False,False,False,False,False,False,False,False
2024-11-21 20:54:29.066066,4.89368,48.3,1500019456,1.5,ondemand,0,0,False,False,False,False,False,False,False,False
2024-11-21 20:54:30.109968,4.8776,49.4,1500019456,1.9,ondemand,0,0,False,False,False,False,False,False,False,False
2024-11-21 20:54:31.158856,4.83874,48.8,2400030464,8.9,ondemand,0,0,False,False,False,False,False,False,False,False
2024-11-21 20:54:32.204779,4.88832,49.4,2400020480,10.6,ondemand,0,0,False,False,False,False,False,False,False,False
2024-11-21 20:54:33.248652,4.88832,48.3,2400027136,0.0,ondemand,0,0,False,False,False,False,False,False,False,False
2024-11-21 20:54:34.292473,4.8776,47.7,2400027136,2.2,ondemand,0,0,False,False,False,False,False,False,False,False
2024-11-21 20:54:35.335381,4.88162,48.3,2400030464,0.5,ondemand,0,0,False,False,False,False,False,False,False,False
2024-11-21 20:54:36.378144,4.88832,49.4,1600020224,1.9,ondemand,0,0,False,False,False,False,False,False,False,False
2024-11-21 20:54:37.425357,4.8977,47.7,1500022656,0.0,ondemand,0,0,False,False,False,False,False,False,False,False
2024-11-21 20:54:38.469332,4.89234,47.2,1500016128,2.7,ondemand,0,0,False,False,False,False,False,False,False,False
2024-11-21 20:54:39.512554,4.91914,48.8,1500019456,2.4,ondemand,0,0,False,False,False,False,False,False,False,False
2024-11-21 20:54:40.556989,4.88028,47.7,2400037120,7.5,ondemand,0,0,False,False,False,False,False,False,False,False
2024-11-21 20:54:41.600485,4.88162,49.4,2400037120,0.2,ondemand,0,0,False,False,False,False,False,False,False,False
2024-11-21 20:54:42.642952,4.88564,49.9,2400023808,0.2,ondemand,0,0,False,False,False,False,False,False,False,False
2024-11-21 20:54:43.684848,4.87492,49.4,2400027136,2.2,ondemand,0,0,False,False,False,False,False,False,False,False
2024-11-21 20:54:44.730321,4.89636,49.9,1500019456,1.7,ondemand,0,0,False,False,False,False,False,False,False,False
2024-11-21 20:54:45.774274,4.90172,47.7,1500016128,2.6,ondemand,0,0,False,False,False,False,False,False,False,False
2024-11-21 20:54:46.819756,4.86554,49.4,1600013696,2.9,ondemand,0,0,False,False,False,False,False,False,False,False
2024-11-21 20:54:47.865036,4.9245,48.3,1500012800,0.0,ondemand,0,0,False,False,False,False,False,False,False,False
2024-11-21 20:54:48.910283,4.891,48.8,1500022656,0.2,ondemand,0,0,False,False,False,False,False,False,False,False
2024-11-21 20:54:49.953802,4.89636,47.7,1500012800,0.5,ondemand,0,0,False,False,False,False,False,False,False,False
2024-11-21 20:54:50.999053,4.88698,48.8,1500022656,1.0,ondemand,0,0,False,False,False,False,False,False,False,False
2024-11-21 20:54:52.042431,4.89636,48.8,1500016128,0.5,ondemand,0,0,False,False,False,False,False,False,False,False
2024-11-21 20:54:53.085728,4.8977,48.8,1500016128,0.2,ondemand,0,0,False,False,False,False,False,False,False,False
2024-11-21 20:54:54.129810,4.88698,47.2,1500019456,0.2,ondemand,0,0,False,False,False,False,False,False,False,False
2024-11-21 20:54:55.173436,4.88564,47.7,1500022656,0.5,ondemand,0,0,False,False,False,False,False,False,False,False
2024-11-21 20:54:56.217958,4.90172,48.8,1500019456,0.2,ondemand,0,0,False,False,False,False,False,False,False,False
2024-11-21 20:54:57.297334,4.90038,46.6,1500022656,0.5,ondemand,0,0,False,False,False,False,False,False,False,False
2024-11-21 20:54:58.339927,4.89904,46.6,1500012800,0.2,ondemand,0,0,False,False,False,False,False,False,False,False
2024-11-21 20:54:59.382933,4.89234,47.7,1500016128,0.5,ondemand,0,0,False,False,False,False,False,False,False,False
2024-11-21 20:55:00.426084,4.89636,48.3,1500012800,0.2,ondemand,0,0,False,False,False,False,False,False,False,False
2024-11-21 20:55:01.469386,4.89502,47.7,1500019456,0.2,ondemand,0,0,False,False,False,False,False,False,False,False
2024-11-21 20:55:02.518778,4.88698,48.8,1600020224,3.1,ondemand,0,0,False,False,False,False,False,False,False,False
2024-11-21 20:55:03.563762,4.88162,49.4,1600020224,2.4,ondemand,0,0,False,False,False,False,False,False,False,False
2024-11-21 20:55:04.609270,4.88564,49.4,1500019456,0.5,ondemand,0,0,False,False,False,False,False,False,False,False
2024-11-21 20:55:05.656947,4.88698,47.2,1500012800,0.2,ondemand,0,0,False,False,False,False,False,False,False,False
2024-11-21 20:55:06.702090,4.89636,48.3,1500022656,0.2,ondemand,0,0,False,False,False,False,False,False,False,False
2024-11-21 20:55:07.787237,4.8776,49.4,1500012800,1.4,ondemand,0,0,False,False,False,False,False,False,False,False
2024-11-21 20:55:08.832551,4.89904,47.2,1500022656,0.7,ondemand,0,0,False,False,False,False,False,False,False,False
2024-11-21 20:55:09.876937,4.88832,49.4,1500022656,0.0,ondemand,0,0,False,False,False,False,False,False,False,False
2024-11-21 20:55:10.921252,4.88832,48.3,1600020224,1.0,ondemand,0,0,False,False,False,False,False,False,False,False
2024-11-21 20:55:11.967412,4.8709,49.9,1700017792,15.7,ondemand,0,0,False,False,False,False,False,False,False,False
2024-11-21 20:55:13.013982,4.89234,48.8,1500019456,7.6,ondemand,0,0,False,False,False,False,False,False,False,False
2024-11-21 20:55:14.062144,4.89234,47.7,1500012800,4.8,ondemand,0,0,False,False,False,False,False,False,False,False
2024-11-21 20:55:15.108952,4.90306,48.8,1500016128,0.5,ondemand,0,0,False,False,False,False,False,False,False,False
2024-11-21 20:55:16.153397,4.88698,47.7,1700021120,3.4,ondemand,0,0,False,False,False,False,False,False,False,False
2024-11-21 20:55:17.198149,4.88698,48.3,1500016128,1.4,ondemand,0,0,False,False,False,False,False,False,False,False
2024-11-21 20:55:18.243480,4.88832,47.7,1500019456,1.2,ondemand,0,0,False,False,False,False,False,False,False,False
2024-11-21 20:55:19.287952,4.8776,49.4,1700021120,1.7,ondemand,0,0,False,False,False,False,False,False,False,False
2024-11-21 20:55:20.334383,4.88698,47.2,1500019456,3.6,ondemand,0,0,False,False,False,False,False,False,False,False
2024-11-21 20:55:21.379541,4.8642,48.8,1900026112,2.9,ondemand,0,0,False,False,False,False,False,False,False,False
2024-11-21 20:55:22.424757,4.86286,48.3,1500019456,9.3,ondemand,0,0,False,False,False,False,False,False,False,False
2024-11-21 20:55:23.470522,4.89636,48.3,1500016128,2.4,ondemand,5,75,False,False,False,False,False,False,False,False
2024-11-21 20:55:24.518305,4.89636,49.4,1500019456,1.0,ondemand,1083,75,False,False,False,False,False,False,False,False
2024-11-21 20:55:25.562370,4.8709,48.8,1900022784,5.5,ondemand,1219,75,False,False,False,False,False,False,False,False
2024-11-21 20:55:26.606632,4.88832,49.9,2400020480,12.0,ondemand,1221,75,False,False,False,False,False,False,False,False
2024-11-21 20:55:27.649667,4.8642,47.7,2400037120,2.4,ondemand,1224,75,False,False,False,False,False,False,False,False
2024-11-21 20:55:28.697642,4.86286,48.3,2400020480,8.2,ondemand,1222,75,False,False,False,False,False,False,False,False
2024-11-21 20:55:29.742706,4.87894,50.5,2400027136,10.5,ondemand,1220,75,False,False,False,False,False,False,False,False
2024-11-21 20:55:30.785719,4.86554,49.9,1500019456,6.7,ondemand,1221,75,False,False,False,False,False,False,False,False
2024-11-21 20:55:31.830194,4.86956,52.1,2400033792,13.4,ondemand,1223,75,False,False,False,False,False,False,False,False
2024-11-21 20:55:32.873168,4.88162,48.8,2400037120,4.3,ondemand,1222,75,False,False,False,False,False,False,False,False
2024-11-21 20:55:33.917159,4.8843,50.5,2400030464,1.4,ondemand,1222,75,False,False,False,False,False,False,False,False
2024-11-21 20:55:34.959276,4.86688,50.5,2400027136,3.6,ondemand,1223,75,False,False,False,False,False,False,False,False
2024-11-21 20:55:36.003940,4.86018,49.9,2400020480,6.5,ondemand,1223,75,False,False,False,False,False,False,False,False
2024-11-21 20:55:37.053694,4.86018,49.9,1500019456,11.9,ondemand,1221,75,False,False,False,False,False,False,False,False
2024-11-21 20:55:38.099741,4.88296,51.0,2400027136,7.2,ondemand,1225,75,False,False,False,False,False,False,False,False
2024-11-21 20:55:39.142540,4.86822,49.4,2400037120,10.3,ondemand,1225,75,False,False,False,False,False,False,False,False
2024-11-21 20:55:40.187225,4.8039,50.5,2400027136,8.1,ondemand,1224,75,False,False,False,False,False,False,False,False
2024-11-21 20:55:41.230741,4.88698,49.4,2400037120,5.3,ondemand,1226,75,False,False,False,False,False,False,False,False
2024-11-21 20:55:42.274578,4.83338,49.4,2400027136,4.3,ondemand,1227,75,False,False,False,False,False,False,False,False
2024-11-21 20:55:43.317260,4.89636,48.8,1500019456,0.5,ondemand,1230,75,False,False,False,False,False,False,False,False
2024-11-21 20:55:44.362597,4.89636,48.8,1500016128,0.2,ondemand,1234,75,False,False,False,False,False,False,False,False
2024-11-21 20:55:45.407833,4.891,47.2,1500016128,0.2,ondemand,1235,75,False,False,False,False,False,False,False,False
2024-11-21 20:55:46.451216,4.88698,48.3,1600017024,2.2,ondemand,1234,75,False,False,False,False,False,False,False,False
2024-11-21 20:55:47.501870,4.88564,48.8,2400030464,10.3,ondemand,1232,75,False,False,False,False,False,False,False,False
2024-11-21 20:55:48.544072,4.8776,50.5,2400020480,1.0,ondemand,1233,75,False,False,False,False,False,False,False,False
2024-11-21 20:55:49.586629,4.88564,50.5,2400020480,8.9,ondemand,1233,75,False,False,False,False,False,False,False,False
2024-11-21 20:55:50.630825,4.88162,47.7,2400033792,6.7,ondemand,1233,75,False,False,False,False,False,False,False,False
2024-11-21 20:55:51.674723,4.87894,49.4,2400030464,6.0,ondemand,1235,75,False,False,False,False,False,False,False,False
2024-11-21 20:55:52.718098,4.9178,48.8,2400027136,15.6,ondemand,1235,75,False,False,False,False,False,False,False,False
2024-11-21 20:55:53.762373,4.88832,49.4,2400030464,6.2,ondemand,1236,75,False,False,False,False,False,False,False,False
2024-11-21 20:55:54.805766,4.88966,50.5,2400020480,14.7,ondemand,1236,75,False,False,False,False,False,False,False,False
2024-11-21 20:55:55.849715,4.86822,49.4,2400023808,3.1,ondemand,1238,75,False,False,False,False,False,False,False,False
2024-11-21 20:55:56.897959,4.84544,49.4,2400027136,10.8,ondemand,1240,75,False,False,False,False,False,False,False,False
2024-11-21 20:55:57.944139,4.89636,49.4,1600017024,12.1,ondemand,1237,75,False,False,False,False,False,False,False,False
2024-11-21 20:55:58.990938,4.88296,49.4,1500012800,6.5,ondemand,1241,75,False,False,False,False,False,False,False,False
2024-11-21 20:56:00.034971,4.8977,48.8,1500012800,1.7,ondemand,1243,75,False,False,False,False,False,False,False,False
2024-11-21 20:56:01.079025,4.87224,48.8,2400023808,9.5,ondemand,1244,75,False,False,False,False,False,False,False,False
2024-11-21 20:56:02.123389,4.88832,48.8,2400020480,6.7,ondemand,1240,75,False,False,False,False,False,False,False,False
2024-11-21 20:56:03.166191,4.86956,49.4,2400027136,11.3,ondemand,1242,75,False,False,False,False,False,False,False,False
2024-11-21 20:56:04.211361,4.88698,49.9,2400020480,12.0,ondemand,1240,75,False,False,False,False,False,False,False,False
2024-11-21 20:56:05.254475,4.88162,49.4,2400030464,1.0,ondemand,1246,75,False,False,False,False,False,False,False,False
2024-11-21 20:56:06.297280,4.88296,49.4,1500012800,1.9,ondemand,1246,75,False,False,False,False,False,False,False,False
2024-11-21 20:56:07.341165,4.86956,48.8,2400030464,5.3,ondemand,1249,75,False,False,False,False,False,False,False,False
2024-11-21 20:56:08.384051,4.8709,48.8,2400023808,1.7,ondemand,1248,75,False,False,False,False,False,False,False,False
2024-11-21 20:56:09.426465,4.83338,48.3,2400023808,4.1,ondemand,1246,75,False,False,False,False,False,False,False,False
2024-11-21 20:56:10.470071,4.8977,47.7,2400033792,0.2,ondemand,1247,75,False,False,False,False,False,False,False,False
2024-11-21 20:56:11.512150,4.88698,48.8,2400023808,0.2,ondemand,1249,75,False,False,False,False,False,False,False,False
2024-11-21 20:56:12.554503,4.87894,47.2,1600020224,2.2,ondemand,1249,75,False,False,False,False,False,False,False,False
2024-11-21 20:56:13.600115,4.90172,47.7,1600020224,3.1,ondemand,1250,75,False,False,False,False,False,False,False,False
2024-11-21 20:56:14.648866,4.90038,47.7,1500022656,2.9,ondemand,1252,75,False,False,False,False,False,False,False,False
2024-11-21 20:56:15.696738,4.89636,47.7,1500022656,1.2,ondemand,1252,75,False,False,False,False,False,False,False,False
2024-11-21 20:56:16.742283,4.88698,47.2,1500016128,1.2,ondemand,1254,75,False,False,False,False,False,False,False,False
2024-11-21 20:56:17.786823,4.89502,47.2,1500016128,0.2,ondemand,1256,75,False,False,False,False,False,False,False,False
2024-11-21 20:56:18.831807,4.88832,47.7,1500016128,1.2,ondemand,1256,75,False,False,False,False,False,False,False,False
2024-11-21 20:56:19.887189,4.89234,46.6,1500019456,1.0,ondemand,1256,75,False,False,False,False,False,False,False,False
2024-11-21 20:56:20.931499,4.88564,47.2,1500019456,0.5,ondemand,1256,75,False,False,False,False,False,False,False,False
2024-11-21 20:56:21.982040,4.89636,46.6,1500022656,1.0,ondemand,1255,75,False,False,False,False,False,False,False,False
2024-11-21 20:56:23.025589,4.88832,45.5,1500022656,1.0,ondemand,1255,75,False,False,False,False,False,False,False,False
2024-11-21 20:56:24.069448,4.89502,47.2,1500022656,0.2,ondemand,1257,75,False,False,False,False,False,False,False,False
2024-11-21 20:56:25.113334,4.891,45.5,1500022656,0.7,ondemand,1257,75,False,False,False,False,False,False,False,False
2024-11-21 20:56:26.158025,4.89636,45.5,1500012800,1.2,ondemand,1256,75,False,False,False,False,False,False,False,False
2024-11-21 20:56:27.201568,4.86018,46.6,1600020224,3.6,ondemand,1255,75,False,False,False,False,False,False,False,False
2024-11-21 20:56:28.247890,4.8709,46.1,1500012800,3.6,ondemand,1254,75,False,False,False,False,False,False,False,False
2024-11-21 20:56:29.293369,4.8776,45.5,1500016128,1.0,ondemand,1259,75,False,False,False,False,False,False,False,False
2024-11-21 20:56:30.336236,4.90172,46.6,1500019456,0.7,ondemand,1259,75,False,False,False,False,False,False,False,False
2024-11-21 20:56:31.378655,4.89234,45.0,1500012800,0.2,ondemand,1260,75,False,False,False,False,False,False,False,False
2024-11-21 20:56:32.422122,4.89234,46.1,1500019456,0.2,ondemand,1260,75,False,False,False,False,False,False,False,False
2024-11-21 20:56:33.467449,4.88832,46.1,1500012800,1.0,ondemand,1260,75,False,False,False,False,False,False,False,False
2024-11-21 20:56:34.511990,4.87492,46.1,1600023552,1.7,ondemand,1260,75,False,False,False,False,False,False,False,False
2024-11-21 20:56:35.560113,4.88698,45.5,1500022656,3.8,ondemand,1255,75,False,False,False,False,False,False,False,False
2024-11-21 20:56:36.604254,4.86554,45.0,1500022656,4.4,ondemand,1258,75,False,False,False,False,False,False,False,False
2024-11-21 20:56:37.649031,4.89368,46.1,1500016128,2.8,ondemand,1260,75,False,False,False,False,False,False,False,False
2024-11-21 20:56:38.696996,4.89368,45.0,1500022656,4.1,ondemand,1257,75,False,False,False,False,False,False,False,False
2024-11-21 20:56:39.740398,4.90038,46.1,1500019456,4.2,ondemand,0,0,False,False,False,False,False,False,False,False
2024-11-21 20:56:40.785797,4.89636,45.5,1500022656,4.9,ondemand,0,0,False,False,False,False,False,False,False,False
2024-11-21 20:56:41.833028,4.89636,46.6,1500019456,2.4,ondemand,0,0,False,False,False,False,False,False,False,False
2024-11-21 20:56:42.876455,4.89904,44.4,1500016128,0.2,ondemand,0,0,False,False,False,False,False,False,False,False
2024-11-21 20:56:43.921746,4.89368,45.0,1500016128,0.7,ondemand,0,0,False,False,False,False,False,False,False,False
2024-11-21 20:56:44.965482,4.89502,45.5,1500019456,4.1,ondemand,0,0,False,False,False,False,False,False,False,False
2024-11-21 20:56:46.008101,4.8776,46.1,1600020224,3.4,ondemand,0,0,False,False,False,False,False,False,False,False
2024-11-21 20:56:47.053251,4.8977,45.0,1500019456,5.8,ondemand,0,0,False,False,False,False,False,False,False,False
2024-11-21 20:56:48.096513,4.89636,46.6,1500012800,3.9,ondemand,0,0,False,False,False,False,False,False,False,False
2024-11-21 20:56:49.140873,4.88296,45.5,1500012800,4.5,ondemand,0,0,False,False,False,False,False,False,False,False
2024-11-21 20:56:50.189351,4.89636,47.2,1700014464,5.0,ondemand,0,0,False,False,False,False,False,False,False,False
2024-11-21 20:56:51.236935,4.88698,47.2,1600013696,5.5,ondemand,0,0,False,False,False,False,False,False,False,False
2024-11-21 20:56:52.282074,4.86554,47.2,1700011264,4.3,ondemand,0,0,False,False,False,False,False,False,False,False
2024-11-21 20:56:53.329174,4.89368,46.1,1500019456,2.6,ondemand,0,0,False,False,False,False,False,False,False,False
2024-11-21 20:56:54.374444,4.89636,47.2,1500019456,3.9,ondemand,0,0,False,False,False,False,False,False,False,False
2024-11-21 20:56:55.419797,4.891,46.6,1600023552,4.8,ondemand,0,0,False,False,False,False,False,False,False,False
2024-11-21 20:56:56.463569,4.891,46.6,1500012800,6.5,ondemand,0,0,False,False,False,False,False,False,False,False
2024-11-21 20:56:57.507924,4.88564,47.2,2400027136,2.2,ondemand,0,0,False,False,False,False,False,False,False,False
2024-11-21 20:56:58.549764,4.88698,45.5,2400020480,0.0,ondemand,0,0,False,False,False,False,False,False,False,False
2024-11-21 20:56:59.592060,4.88028,47.2,2400030464,0.7,ondemand,0,0,False,False,False,False,False,False,False,False
2024-11-21 20:57:00.633612,4.88564,47.7,2400023808,1.9,ondemand,0,0,False,False,False,False,False,False,False,False
2024-11-21 20:57:01.674673,4.88028,45.5,2400027136,0.5,ondemand,0,0,False,False,False,False,False,False,False,False
2024-11-21 20:57:02.757080,4.89234,46.1,1500022656,2.9,ondemand,0,0,False,False,False,False,False,False,False,False
2024-11-21 20:57:03.850623,4.88028,46.6,1700024448,1.9,ondemand,0,0,False,False,False,False,False,False,False,False
2024-11-21 20:57:04.898401,4.89368,47.2,1500022656,4.3,ondemand,0,0,False,False,False,False,False,False,False,False
2024-11-21 20:57:05.946309,4.8776,47.7,1500012800,3.9,ondemand,0,0,False,False,False,False,False,False,False,False
2024-11-21 20:57:06.991353,4.90842,46.6,1500022656,1.0,ondemand,0,0,False,False,False,False,False,False,False,False
2024-11-21 20:57:08.034203,4.8977,45.5,1500022656,0.5,ondemand,0,0,False,False,False,False,False,False,False,False
2024-11-21 20:57:09.077896,4.89234,46.6,1500022656,1.0,ondemand,0,0,False,False,False,False,False,False,False,False
2024-11-21 20:57:10.122099,4.87492,47.7,1500016128,0.5,ondemand,0,0,False,False,False,False,False,False,False,False
2024-11-21 20:57:11.166056,4.90172,45.5,1500016128,0.5,ondemand,0,0,False,False,False,False,False,False,False,False
2024-11-21 20:57:12.211635,4.89368,46.6,1500022656,0.5,ondemand,0,0,False,False,False,False,False,False,False,False
2024-11-21 20:57:13.256446,4.88832,47.2,1500022656,0.2,ondemand,0,0,False,False,False,False,False,False,False,False
2024-11-21 20:57:14.301521,4.8977,46.6,1500019456,0.5,ondemand,0,0,False,False,False,False,False,False,False,False
2024-11-21 20:57:15.345385,4.88832,46.6,1500016128,0.7,ondemand,0,0,False,False,False,False,False,False,False,False
2024-11-21 20:57:16.390688,4.8843,47.2,1500012800,0.7,ondemand,0,0,False,False,False,False,False,False,False,False
2024-11-21 20:57:17.434594,4.88832,47.7,1600013696,3.9,ondemand,0,0,False,False,False,False,False,False,False,False
2024-11-21 20:57:18.479869,4.90842,46.6,1500016128,5.6,ondemand,0,0,False,False,False,False,False,False,False,False
2024-11-21 20:57:19.523765,4.89904,47.2,1500022656,0.7,ondemand,0,0,False,False,False,False,False,False,False,False
2024-11-21 20:57:20.567935,4.89636,46.6,1500016128,3.9,ondemand,0,0,False,False,False,False,False,False,False,False
2024-11-21 20:57:21.611591,4.89502,45.5,1500019456,0.5,ondemand,0,0,False,False,False,False,False,False,False,False
2024-11-21 20:57:22.655804,4.9044,46.1,1500016128,0.2,ondemand,0,0,False,False,False,False,False,False,False,False
2024-11-21 20:57:23.699509,4.89636,46.6,1500016128,0.5,ondemand,0,0,False,False,False,False,False,False,False,False
2024-11-21 20:57:24.743630,4.88698,46.6,1600013696,1.7,ondemand,0,0,False,False,False,False,False,False,False,False
2024-11-21 20:57:25.790317,4.86554,47.2,1500012800,7.2,ondemand,0,0,False,False,False,False,False,False,False,False
2024-11-21 20:57:26.836193,4.87894,47.2,1600017024,5.0,ondemand,0,0,False,False,False,False,False,False,False,False
2024-11-21 20:57:27.882296,4.891,48.3,1600023552,12.4,ondemand,0,0,False,False,False,False,False,False,False,False
2024-11-21 20:57:28.929248,4.88698,47.7,1700017792,3.6,ondemand,0,0,False,False,False,False,False,False,False,False
2024-11-21 20:57:29.981200,4.88028,47.7,1500019456,2.9,ondemand,0,0,False,False,False,False,False,False,False,False
2024-11-21 20:57:31.026181,4.8977,46.6,1500019456,0.5,ondemand,0,0,False,False,False,False,False,False,False,False
2024-11-21 20:57:32.070204,4.86956,47.7,1500016128,2.7,ondemand,0,0,False,False,False,False,False,False,False,False
2024-11-21 20:57:33.115669,4.88832,46.6,1500019456,3.6,ondemand,0,0,False,False,False,False,False,False,False,False
2024-11-21 20:57:34.160664,4.88698,46.6,1500016128,1.7,ondemand,0,0,False,False,False,False,False,False,False,False
2024-11-21 20:57:35.204975,4.8709,47.2,1600020224,6.9,ondemand,0,0,False,False,False,False,False,False,False,False
2024-11-21 20:57:36.251541,4.88966,47.2,1500022656,3.1,ondemand,0,0,False,False,False,False,False,False,False,False
2024-11-21 20:57:37.296497,4.9044,45.5,1500022656,0.5,ondemand,0,0,False,False,False,False,False,False,False,False
2024-11-21 20:57:38.343829,4.88162,46.6,1600013696,2.6,ondemand,0,0,False,False,False,False,False,False,False,False
2024-11-21 20:57:39.387000,4.88832,47.2,1500019456,1.9,ondemand,0,0,False,False,False,False,False,False,False,False
2024-11-21 20:57:40.429822,4.9044,46.6,1500012800,2.4,ondemand,0,0,False,False,False,False,False,False,False,False
2024-11-21 20:57:41.473887,4.8977,47.2,1500016128,0.7,ondemand,0,0,False,False,False,False,False,False,False,False
2024-11-21 20:57:42.619880,4.891,48.3,1700017792,4.8,ondemand,0,0,False,False,False,False,False,False,False,False
2024-11-21 20:57:43.665140,4.89234,47.2,1500016128,3.6,ondemand,0,0,False,False,False,False,False,False,False,False
2024-11-21 20:57:44.710325,4.88564,47.7,1600023552,7.0,ondemand,0,0,False,False,False,False,False,False,False,False
2024-11-21 20:57:45.754057,4.89636,47.7,1600020224,2.9,ondemand,0,0,False,False,False,False,False,False,False,False
2024-11-21 20:57:46.797564,4.87492,47.2,1600017024,8.2,ondemand,0,0,False,False,False,False,False,False,False,False
2024-11-21 20:57:47.846801,4.8843,46.6,1600023552,1.0,ondemand,0,0,False,False,False,False,False,False,False,False
2024-11-21 20:57:48.891545,4.89904,47.2,1700021120,3.6,ondemand,0,0,False,False,False,False,False,False,False,False
2024-11-21 20:57:49.938189,4.89636,47.7,1500012800,5.5,ondemand,0,0,False,False,False,False,False,False,False,False
2024-11-21 20:57:50.985669,4.88028,47.7,1500022656,2.4,ondemand,0,0,False,False,False,False,False,False,False,False
2024-11-21 20:57:52.029864,4.88832,47.7,1500012800,0.5,ondemand,0,0,False,False,False,False,False,False,False,False
2024-11-21 20:57:53.076733,4.89502,46.6,1500019456,1.0,ondemand,0,0,False,False,False,False,False,False,False,False
2024-11-21 20:57:54.121490,4.88698,47.2,1600013696,4.8,ondemand,0,0,False,False,False,False,False,False,False,False
2024-11-21 20:57:55.237252,4.85616,47.7,1600013696,6.0,ondemand,0,0,False,False,False,False,False,False,False,False
2024-11-21 20:57:56.281426,4.8709,49.4,2400033792,9.6,ondemand,0,0,False,False,False,False,False,False,False,False
2024-11-21 20:57:57.326152,4.88028,48.3,2400033792,4.4,ondemand,0,0,False,False,False,False,False,False,False,False
2024-11-21 20:57:58.370544,4.88564,48.8,2400030464,0.7,ondemand,0,0,False,False,False,False,False,False,False,False
2024-11-21 20:57:59.413261,4.88832,47.7,2400027136,1.7,ondemand,0,0,False,False,False,False,False,False,False,False
2024-11-21 20:58:00.454551,4.86554,48.8,2400020480,0.2,ondemand,0,0,False,False,False,False,False,False,False,False
2024-11-21 20:58:01.497565,4.86152,48.3,1500016128,1.9,ondemand,0,0,False,False,False,False,False,False,False,False
2024-11-21 20:58:02.543797,4.8977,46.6,1500022656,1.0,ondemand,0,0,False,False,False,False,False,False,False,False
2024-11-21 20:58:03.588617,4.891,48.3,1500016128,1.9,ondemand,0,0,False,False,False,False,False,False,False,False
2024-11-21 20:58:04.632514,4.90976,47.7,1500019456,3.8,ondemand,0,0,False,False,False,False,False,False,False,False
2024-11-21 20:58:05.678150,4.88162,47.7,1500012800,4.3,ondemand,0,0,False,False,False,False,False,False,False,False
2024-11-21 20:58:06.723463,4.88698,47.2,1600020224,4.2,ondemand,0,0,False,False,False,False,False,False,False,False
2024-11-21 20:58:07.769985,4.87894,47.7,1500016128,4.1,ondemand,0,0,False,False,False,False,False,False,False,False
2024-11-21 20:58:08.813428,4.89636,47.2,1500012800,0.2,ondemand,0,0,False,False,False,False,False,False,False,False
2024-11-21 20:58:09.857022,4.891,46.6,1700017792,1.9,ondemand,0,0,False,False,False,False,False,False,False,False
2024-11-21 20:58:10.901596,4.88698,48.8,1500012800,3.4,ondemand,0,0,False,False,False,False,False,False,False,False
2024-11-21 20:58:11.948022,4.88296,47.2,1500019456,0.5,ondemand,0,0,False,False,False,False,False,False,False,False
2024-11-21 20:58:12.991833,4.89234,47.7,1500019456,0.7,ondemand,0,0,False,False,False,False,False,False,False,False
2024-11-21 20:58:14.036296,4.88564,47.2,1600017024,0.5,ondemand,0,0,False,False,False,False,False,False,False,False
2024-11-21 20:58:15.080116,4.86554,48.3,1700027648,4.6,ondemand,0,0,False,False,False,False,False,False,False,False
2024-11-21 20:58:16.125556,4.89368,48.3,1500016128,1.9,ondemand,0,0,False,False,False,False,False,False,False,False
2024-11-21 20:58:17.169907,4.89234,48.3,1500016128,1.7,ondemand,0,0,False,False,False,False,False,False,False,False
2024-11-21 20:58:18.215734,4.87894,48.3,1600023552,4.9,ondemand,0,0,False,False,False,False,False,False,False,False
2024-11-21 20:58:19.262613,4.86152,47.2,1600023552,2.4,ondemand,0,0,False,False,False,False,False,False,False,False
2024-11-21 20:58:20.311106,4.824,48.8,2400037120,11.6,ondemand,0,0,False,False,False,False,False,False,False,False
2024-11-21 20:58:21.368502,4.87626,49.9,2400023808,27.1,ondemand,0,0,False,False,False,False,False,False,False,False
2024-11-21 20:58:22.427447,4.88162,49.9,2400030464,18.2,ondemand,0,0,False,False,False,False,False,False,False,False
2024-11-21 20:58:23.472124,4.88698,49.4,2400020480,37.5,ondemand,0,0,False,False,False,False,False,False,False,False
2024-11-21 20:58:24.522506,4.8441,49.4,2400027136,3.4,ondemand,0,0,False,False,False,False,False,False,False,False
2024-11-21 20:58:25.566137,4.82266,48.3,1800018688,8.8,ondemand,0,0,False,False,False,False,False,False,False,False
2024-11-21 20:58:26.663164,4.88564,49.4,2400030464,13.2,ondemand,0,0,False,False,False,False,False,False,False,False
2024-11-21 20:58:27.707690,4.88564,49.9,2400027136,1.0,ondemand,8,75,False,False,False,False,False,False,False,False
2024-11-21 20:58:28.751938,4.86822,50.5,2400033792,34.7,ondemand,982,75,False,False,False,False,False,False,False,False
2024-11-21 20:58:29.796979,4.88698,48.8,2400037120,21.9,ondemand,1190,75,False,False,False,False,False,False,False,False
2024-11-21 20:58:30.839702,4.88832,49.4,1600023552,1.9,ondemand,1210,75,False,False,False,False,False,False,False,False
2024-11-21 20:58:31.884208,4.89636,48.3,1500019456,4.1,ondemand,1214,75,False,False,False,False,False,False,False,False
2024-11-21 20:58:32.932755,4.92182,48.3,1500012800,3.8,ondemand,1213,75,False,False,False,False,False,False,False,False
2024-11-21 20:58:33.976813,4.87894,47.7,1600023552,3.4,ondemand,1215,75,False,False,False,False,False,False,False,False
2024-11-21 20:58:35.025905,4.87894,48.3,1500016128,1.5,ondemand,1215,75,False,False,False,False,False,False,False,False
2024-11-21 20:58:36.072750,4.89502,46.6,1500022656,1.0,ondemand,1215,75,False,False,False,False,False,False,False,False
2024-11-21 20:58:37.120667,4.89636,48.3,1500016128,0.5,ondemand,1216,75,False,False,False,False,False,False,False,False
2024-11-21 20:58:38.165439,4.89368,47.7,1500022656,1.2,ondemand,1218,75,False,False,False,False,False,False,False,False
2024-11-21 20:58:39.209899,4.87626,47.2,1500016128,0.7,ondemand,1217,75,False,False,False,False,False,False,False,False
2024-11-21 20:58:40.254695,4.88162,46.6,1600017024,4.1,ondemand,1214,75,False,False,False,False,False,False,False,False
2024-11-21 20:58:41.339897,4.87894,46.6,1600026880,3.3,ondemand,1214,75,False,False,False,False,False,False,False,False
2024-11-21 20:58:42.383990,4.89234,47.2,1500022656,1.2,ondemand,1216,75,False,False,False,False,False,False,False,False
2024-11-21 20:58:43.429438,4.89368,47.2,1500012800,1.7,ondemand,1218,75,False,False,False,False,False,False,False,False
2024-11-21 20:58:44.476462,4.8776,47.7,1500012800,0.7,ondemand,1219,75,False,False,False,False,False,False,False,False
2024-11-21 20:58:45.523626,4.89636,46.1,1500019456,1.2,ondemand,1219,75,False,False,False,False,False,False,False,False
2024-11-21 20:58:46.572510,4.88296,47.7,1500019456,2.2,ondemand,1219,75,False,False,False,False,False,False,False,False
2024-11-21 20:58:47.622722,4.89636,47.7,1500012800,0.7,ondemand,1219,75,False,False,False,False,False,False,False,False
2024-11-21 20:58:48.666380,4.88698,46.6,1500012800,0.2,ondemand,1222,75,False,False,False,False,False,False,False,False
2024-11-21 20:58:49.710685,4.89368,47.2,1500019456,0.5,ondemand,1221,75,False,False,False,False,False,False,False,False
2024-11-21 20:58:50.785262,4.88698,47.2,1600013696,1.7,ondemand,1221,75,False,False,False,False,False,False,False,False
2024-11-21 20:58:51.830408,4.89368,46.6,1500012800,2.2,ondemand,1222,75,False,False,False,False,False,False,False,False
2024-11-21 20:58:52.874329,4.8977,47.2,1500016128,1.7,ondemand,1224,75,False,False,False,False,False,False,False,False
2024-11-21 20:58:53.917906,4.88698,46.6,1500012800,0.5,ondemand,1225,75,False,False,False,False,False,False,False,False
2024-11-21 20:58:54.963081,4.89904,46.6,1500022656,0.2,ondemand,1227,75,False,False,False,False,False,False,False,False
2024-11-21 20:58:56.016136,4.8977,47.2,1500016128,0.5,ondemand,1227,75,False,False,False,False,False,False,False,False
2024-11-21 20:58:57.061531,4.891,46.1,1500022656,2.9,ondemand,1226,75,False,False,False,False,False,False,False,False
2024-11-21 20:58:58.107442,4.88296,46.6,1500016128,1.7,ondemand,1226,75,False,False,False,False,False,False,False,False
2024-11-21 20:58:59.159739,4.86688,47.7,2400020480,8.2,ondemand,1225,75,False,False,False,False,False,False,False,False
2024-11-21 20:59:00.204750,4.88832,46.6,2400030464,2.4,ondemand,1224,75,False,False,False,False,False,False,False,False
2024-11-21 20:59:01.247474,4.8843,47.7,2400030464,3.3,ondemand,1226,75,False,False,False,False,False,False,False,False
2024-11-21 20:59:02.291703,4.88698,47.7,2400030464,3.8,ondemand,1226,75,False,False,False,False,False,False,False,False
2024-11-21 20:59:03.334771,4.87626,47.2,2400023808,3.6,ondemand,1227,75,False,False,False,False,False,False,False,False
2024-11-21 20:59:04.376699,4.85616,48.8,2400027136,5.0,ondemand,1230,75,False,False,False,False,False,False,False,False
2024-11-21 20:59:05.420284,4.87894,47.7,2400033792,5.5,ondemand,1228,75,False,False,False,False,False,False,False,False
2024-11-21 20:59:06.465106,4.88162,47.7,2400030464,3.1,ondemand,1228,75,False,False,False,False,False,False,False,False
2024-11-21 20:59:07.507347,4.86554,47.7,2400030464,5.3,ondemand,1228,75,False,False,False,False,False,False,False,False
2024-11-21 20:59:08.552631,4.88564,47.2,2400037120,1.7,ondemand,1228,75,False,False,False,False,False,False,False,False
2024-11-21 20:59:09.596391,4.88564,47.7,1500012800,1.4,ondemand,1231,75,False,False,False,False,False,False,False,False
2024-11-21 20:59:10.641907,4.86688,47.2,1700024448,2.6,ondemand,1234,75,False,False,False,False,False,False,False,False
2024-11-21 20:59:11.688895,4.90038,46.6,1500009472,4.1,ondemand,1233,75,False,False,False,False,False,False,False,False
2024-11-21 20:59:12.733511,4.90306,46.6,1500016128,0.2,ondemand,1237,75,False,False,False,False,False,False,False,False
2024-11-21 20:59:13.777256,4.89368,45.0,1500012800,1.4,ondemand,1239,75,False,False,False,False,False,False,False,False
2024-11-21 20:59:14.826189,4.89502,46.6,1500019456,0.2,ondemand,1238,75,False,False,False,False,False,False,False,False
2024-11-21 20:59:15.869883,4.89368,46.6,1500012800,0.5,ondemand,1238,75,False,False,False,False,False,False,False,False
2024-11-21 20:59:16.918790,4.88966,46.6,1500019456,0.2,ondemand,1235,0,False,False,False,False,False,False,False,False
2024-11-21 20:59:17.967132,4.89502,44.4,1500012800,0.7,ondemand,0,0,False,False,False,False,False,False,False,False
2024-11-21 20:59:19.011501,4.8977,45.5,1500012800,0.5,ondemand,0,0,False,False,False,False,False,False,False,False
2024-11-21 20:59:20.055449,4.89636,45.5,1500019456,0.5,ondemand,0,0,False,False,False,False,False,False,False,False
2024-11-21 20:59:21.099528,4.88028,46.1,1600020224,2.2,ondemand,0,0,False,False,False,False,False,False,False,False
2024-11-21 20:59:22.159658,4.88162,45.0,2400023808,9.9,ondemand,0,0,False,False,False,False,False,False,False,False
2024-11-21 20:59:23.205436,4.8977,48.8,2400020480,25.4,ondemand,0,0,False,False,False,False,False,False,False,False
2024-11-21 20:59:24.253568,4.8843,47.7,2400033792,3.1,ondemand,0,0,False,False,False,False,False,False,False,False
2024-11-21 20:59:25.298262,4.88564,47.2,2400030464,1.2,ondemand,0,0,False,False,False,False,False,False,False,False
2024-11-21 20:59:26.340736,4.88162,46.6,2400020480,1.4,ondemand,0,0,False,False,False,False,False,False,False,False
2024-11-21 20:59:27.383181,4.8575,47.2,1600013696,2.9,ondemand,0,0,False,False,False,False,False,False,False,False
2024-11-21 20:59:28.428049,4.88698,47.2,1600017024,6.2,ondemand,0,0,False,False,False,False,False,False,False,False
2024-11-21 20:59:29.473692,4.88832,47.2,1800018688,4.3,ondemand,0,0,False,False,False,False,False,False,False,False
2024-11-21 20:59:30.559409,4.89368,46.6,1500019456,3.7,ondemand,0,0,False,False,False,False,False,False,False,False
2024-11-21 20:59:31.604408,4.88698,45.5,1600013696,4.6,ondemand,0,0,False,False,False,False,False,False,False,False
2024-11-21 20:59:32.652513,4.9044,46.6,1500016128,4.3,ondemand,0,0,False,False,False,False,False,False,False,False
2024-11-21 20:59:33.695676,4.8977,46.6,1500022656,4.1,ondemand,0,0,False,False,False,False,False,False,False,False
2024-11-21 20:59:34.740153,4.88832,47.2,1700027648,2.4,ondemand,0,0,False,False,False,False,False,False,False,False
2024-11-21 20:59:35.784230,4.88832,46.1,1600020224,3.8,ondemand,0,0,False,False,False,False,False,False,False,False
2024-11-21 20:59:36.828557,4.85482,46.6,1500012800,0.5,ondemand,0,0,False,False,False,False,False,False,False,False
2024-11-21 20:59:37.872394,4.8977,47.2,1500019456,2.2,ondemand,0,0,False,False,False,False,False,False,False,False
2024-11-21 20:59:38.916835,4.86822,46.6,1500019456,5.5,ondemand,0,0,False,False,False,False,False,False,False,False
2024-11-21 20:59:39.963171,4.90842,47.2,1500012800,1.9,ondemand,0,0,False,False,False,False,False,False,False,False
2024-11-21 20:59:41.008503,4.8977,46.1,1500012800,0.2,ondemand,0,0,False,False,False,False,False,False,False,False
2024-11-21 20:59:42.057516,4.88564,47.2,1500019456,1.3,ondemand,0,0,False,False,False,False,False,False,False,False
2024-11-21 20:59:43.193790,4.88832,46.6,1500022656,2.6,ondemand,0,0,False,False,False,False,False,False,False,False
2024-11-21 20:59:44.238240,4.87492,46.1,1500012800,2.9,ondemand,0,0,False,False,False,False,False,False,False,False
2024-11-21 20:59:45.282745,4.89636,46.6,1500019456,1.7,ondemand,0,0,False,False,False,False,False,False,False,False
2024-11-21 20:59:46.333708,4.89636,46.6,1700014464,5.3,ondemand,0,0,False,False,False,False,False,False,False,False
2024-11-21 20:59:47.378018,4.88564,46.6,1700024448,3.1,ondemand,0,0,False,False,False,False,False,False,False,False
2024-11-21 20:59:48.423631,4.891,46.6,1500019456,2.7,ondemand,0,0,False,False,False,False,False,False,False,False
2024-11-21 20:59:49.468264,4.88028,46.6,1600017024,0.7,ondemand,0,0,False,False,False,False,False,False,False,False
2024-11-21 20:59:50.513989,4.8977,47.2,1500016128,2.4,ondemand,0,0,False,False,False,False,False,False,False,False
2024-11-21 20:59:51.559496,4.89234,45.5,1500019456,5.0,ondemand,0,0,False,False,False,False,False,False,False,False
2024-11-21 20:59:52.608021,4.87492,47.2,1600013696,1.2,ondemand,0,0,False,False,False,False,False,False,False,False
2024-11-21 20:59:53.655032,4.89502,44.4,1500019456,2.2,ondemand,0,0,False,False,False,False,False,False,False,False
2024-11-21 20:59:54.699169,4.89368,46.6,1500012800,0.7,ondemand,0,0,False,False,False,False,False,False,False,False
2024-11-21 20:59:55.745643,4.88162,47.7,1800012032,4.1,ondemand,0,0,False,False,False,False,False,False,False,False
2024-11-21 20:59:56.790544,4.88564,46.6,1500019456,4.1,ondemand,0,0,False,False,False,False,False,False,False,False
2024-11-21 20:59:57.834441,4.85348,47.7,1700021120,4.3,ondemand,0,0,False,False,False,False,False,False,False,False
2024-11-21 20:59:58.882437,4.86554,47.7,1700024448,16.3,ondemand,0,0,False,False,False,False,False,False,False,False
2024-11-21 20:59:59.932251,4.8709,48.3,1700017792,7.0,ondemand,0,0,False,False,False,False,False,False,False,False
2024-11-21 21:00:00.977633,4.88832,48.8,1500019456,1.9,ondemand,0,0,False,False,False,False,False,False,False,False
2024-11-21 21:00:02.022301,4.88966,47.2,1500022656,2.7,ondemand,0,0,False,False,False,False,False,False,False,False
2024-11-21 21:00:03.083885,4.90038,46.1,1500016128,3.3,ondemand,0,0,False,False,False,False,False,False,False,False
2024-11-21 21:00:04.126784,4.891,47.2,1500022656,0.5,ondemand,0,0,False,False,False,False,False,False,False,False
2024-11-21 21:00:05.169789,4.89368,47.2,1500019456,0.2,ondemand,0,0,False,False,False,False,False,False,False,False
2024-11-21 21:00:06.216703,4.891,47.2,1500016128,4.1,ondemand,0,0,False,False,False,False,False,False,False,False
2024-11-21 21:00:07.262913,4.8843,46.6,1500019456,3.4,ondemand,0,0,False,False,False,False,False,False,False,False
2024-11-21 21:00:08.309235,4.88698,45.5,1500012800,0.5,ondemand,0,0,False,False,False,False,False,False,False,False
2024-11-21 21:00:09.354383,4.9044,47.2,1500012800,1.9,ondemand,0,0,False,False,False,False,False,False,False,False
2024-11-21 21:00:10.400019,4.89904,47.2,1500022656,1.9,ondemand,0,0,False,False,False,False,False,False,False,False
2024-11-21 21:00:11.448559,4.89904,46.1,1500012800,1.0,ondemand,0,0,False,False,False,False,False,False,False,False
2024-11-21 21:00:12.492698,4.88832,47.2,1600017024,0.5,ondemand,0,0,False,False,False,False,False,False,False,False
2024-11-21 21:00:13.538695,4.89636,47.2,1500016128,0.7,ondemand,0,0,False,False,False,False,False,False,False,False
2024-11-21 21:00:14.582572,4.9044,46.6,1500012800,0.5,ondemand,0,0,False,False,False,False,False,False,False,False
2024-11-21 21:00:15.626368,4.88296,46.6,1600023552,1.7,ondemand,0,0,False,False,False,False,False,False,False,False
2024-11-21 21:00:16.671455,4.89904,47.2,1500016128,1.7,ondemand,0,0,False,False,False,False,False,False,False,False
2024-11-21 21:00:17.715952,4.87894,47.7,1600013696,5.3,ondemand,0,0,False,False,False,False,False,False,False,False
2024-11-21 21:00:18.763730,4.9044,47.2,1500022656,1.4,ondemand,0,0,False,False,False,False,False,False,False,False
2024-11-21 21:00:19.806842,4.88966,46.1,1600020224,1.0,ondemand,0,0,False,False,False,False,False,False,False,False
2024-11-21 21:00:20.852182,4.89234,47.2,1600017024,2.9,ondemand,0,0,False,False,False,False,False,False,False,False
2024-11-21 21:00:21.900364,4.89636,45.5,1500016128,1.2,ondemand,0,0,False,False,False,False,False,False,False,False
2024-11-21 21:00:22.943983,4.88162,46.6,1500012800,3.3,ondemand,0,0,False,False,False,False,False,False,False,False
2024-11-21 21:00:23.987720,4.89636,46.6,1500016128,0.5,ondemand,0,0,False,False,False,False,False,False,False,False
2024-11-21 21:00:25.031953,4.89636,46.6,1500016128,0.0,ondemand,0,0,False,False,False,False,False,False,False,False
2024-11-21 21:00:26.075340,4.8977,47.7,1600013696,1.7,ondemand,0,0,False,False,False,False,False,False,False,False
2024-11-21 21:00:27.123114,4.88698,47.2,1500016128,0.2,ondemand,0,0,False,False,False,False,False,False,False,False
2024-11-21 21:00:28.168696,4.90172,48.3,1500019456,0.0,ondemand,0,0,False,False,False,False,False,False,False,False
2024-11-21 21:00:29.213455,4.88966,47.2,1500019456,0.0,ondemand,0,0,False,False,False,False,False,False,False,False
2024-11-21 21:00:30.258534,4.8977,47.2,1500016128,0.2,ondemand,0,0,False,False,False,False,False,False,False,False
2024-11-21 21:00:31.302086,4.90038,47.2,1500012800,0.0,ondemand,0,0,False,False,False,False,False,False,False,False
2024-11-21 21:00:32.347174,4.90038,47.2,1500022656,0.7,ondemand,0,0,False,False,False,False,False,False,False,False
2024-11-21 21:00:33.390693,4.88832,47.2,1500019456,0.2,ondemand,0,0,False,False,False,False,False,False,False,False
2024-11-21 21:00:34.435392,4.88832,47.2,1500022656,1.4,ondemand,0,0,False,False,False,False,False,False,False,False
2024-11-21 21:00:35.488223,4.88832,47.2,1500016128,0.9,ondemand,0,0,False,False,False,False,False,False,False,False
2024-11-21 21:00:36.534509,4.89904,47.2,1500012800,0.2,ondemand,0,0,False,False,False,False,False,False,False,False
2024-11-21 21:00:37.579570,4.8977,47.2,1500019456,0.7,ondemand,0,0,False,False,False,False,False,False,False,False
2024-11-21 21:00:38.623483,4.88698,47.2,1500016128,0.7,ondemand,0,0,False,False,False,False,False,False,False,False
2024-11-21 21:00:39.668681,4.8977,47.7,1500022656,0.7,ondemand,0,0,False,False,False,False,False,False,False,False
2024-11-21 21:00:40.715181,4.88028,47.7,1500012800,0.7,ondemand,0,0,False,False,False,False,False,False,False,False
2024-11-21 21:00:41.761376,4.89636,46.6,1500019456,0.7,ondemand,0,0,False,False,False,False,False,False,False,False
2024-11-21 21:00:42.808443,4.88966,47.2,1500022656,0.7,ondemand,0,0,False,False,False,False,False,False,False,False
2024-11-21 21:00:43.854881,4.89368,47.2,1500016128,0.5,ondemand,0,0,False,False,False,False,False,False,False,False
2024-11-21 21:00:44.898788,4.8977,46.6,1500019456,0.0,ondemand,0,0,False,False,False,False,False,False,False,False
2024-11-21 21:00:45.941310,4.8977,47.2,1500019456,0.2,ondemand,0,0,False,False,False,False,False,False,False,False
2024-11-21 21:00:46.983663,4.87626,47.2,1500022656,0.2,ondemand,0,0,False,False,False,False,False,False,False,False
2024-11-21 21:00:48.027301,4.88698,47.2,1500016128,0.7,ondemand,0,0,False,False,False,False,False,False,False,False
2024-11-21 21:00:49.071043,4.891,47.7,1600013696,0.7,ondemand,0,0,False,False,False,False,False,False,False,False
2024-11-21 21:00:50.116453,4.891,47.7,1500022656,1.2,ondemand,0,0,False,False,False,False,False,False,False,False
2024-11-21 21:00:51.160243,4.8977,46.6,1500022656,1.7,ondemand,0,0,False,False,False,False,False,False,False,False
2024-11-21 21:00:52.247095,4.89368,47.7,1500019456,4.7,ondemand,0,0,False,False,False,False,False,False,False,False
2024-11-21 21:00:53.371462,4.88832,47.2,1500019456,3.5,ondemand,0,0,False,False,False,False,False,False,False,False
2024-11-21 21:00:54.416830,4.88698,47.2,1500016128,2.4,ondemand,0,0,False,False,False,False,False,False,False,False
2024-11-21 21:00:55.461366,4.9044,48.3,1500019456,1.7,ondemand,0,0,False,False,False,False,False,False,False,False
2024-11-21 21:00:56.505084,4.90038,46.1,1500016128,4.2,ondemand,0,0,False,False,False,False,False,False,False,False
2024-11-21 21:00:57.548586,4.8977,47.2,1500012800,0.2,ondemand,0,0,False,False,False,False,False,False,False,False
2024-11-21 21:00:58.592609,4.89368,47.7,1500019456,0.0,ondemand,0,0,False,False,False,False,False,False,False,False
2024-11-21 21:00:59.637427,4.89368,46.6,1500016128,0.5,ondemand,0,0,False,False,False,False,False,False,False,False
2024-11-21 21:01:00.680965,4.88966,46.1,1500012800,0.0,ondemand,0,0,False,False,False,False,False,False,False,False
2024-11-21 21:01:01.724715,4.87626,47.2,1500012800,4.1,ondemand,0,0,False,False,False,False,False,False,False,False
2024-11-21 21:01:02.771634,4.89636,46.6,1500019456,3.4,ondemand,0,0,False,False,False,False,False,False,False,False
2024-11-21 21:01:03.815604,4.88698,47.7,1700014464,4.5,ondemand,0,0,False,False,False,False,False,False,False,False
2024-11-21 21:01:04.930902,4.88698,48.3,1500012800,1.2,ondemand,0,0,False,False,False,False,False,False,False,False
2024-11-21 21:01:05.975638,4.88698,48.3,1500019456,1.0,ondemand,0,0,False,False,False,False,False,False,False,False
2024-11-21 21:01:07.018896,4.86688,46.6,1800015360,2.9,ondemand,0,0,False,False,False,False,False,False,False,False
2024-11-21 21:01:08.064933,4.891,49.4,2400027136,6.0,ondemand,0,0,False,False,False,False,False,False,False,False
2024-11-21 21:01:09.107600,4.90172,47.2,2400020480,4.8,ondemand,0,0,False,False,False,False,False,False,False,False
2024-11-21 21:01:10.149437,4.88564,48.3,2400027136,1.7,ondemand,0,0,False,False,False,False,False,False,False,False
2024-11-21 21:01:11.194753,4.88698,48.8,2400033792,1.9,ondemand,0,0,False,False,False,False,False,False,False,False
2024-11-21 21:01:12.235560,4.88162,49.4,2400030464,0.5,ondemand,0,0,False,False,False,False,False,False,False,False
2024-11-21 21:01:13.276609,4.84008,48.3,1600020224,1.2,ondemand,0,0,False,False,False,False,False,False,False,False
2024-11-21 21:01:14.323706,4.88832,47.7,1500012800,0.7,ondemand,0,0,False,False,False,False,False,False,False,False
2024-11-21 21:01:15.370849,4.89234,47.7,1700017792,1.9,ondemand,0,0,False,False,False,False,False,False,False,False
2024-11-21 21:01:16.417426,4.88162,49.4,1500019456,2.4,ondemand,0,0,False,False,False,False,False,False,False,False
2024-11-21 21:01:17.470194,4.89502,47.2,1500022656,2.4,ondemand,0,0,False,False,False,False,False,False,False,False
2024-11-21 21:01:18.516777,4.89234,48.8,1500019456,1.0,ondemand,0,0,False,False,False,False,False,False,False,False
2024-11-21 21:01:19.561076,4.89636,48.8,1500019456,2.6,ondemand,0,0,False,False,False,False,False,False,False,False
2024-11-21 21:01:20.606716,4.88698,48.3,1500016128,1.2,ondemand,0,0,False,False,False,False,False,False,False,False
2024-11-21 21:01:21.652336,4.89502,47.7,1500022656,0.0,ondemand,0,0,False,False,False,False,False,False,False,False
2024-11-21 21:01:22.695224,4.86152,48.3,1800022016,2.4,ondemand,0,0,False,False,False,False,False,False,False,False
2024-11-21 21:01:23.740407,4.8843,46.6,1600020224,6.8,ondemand,0,0,False,False,False,False,False,False,False,False
2024-11-21 21:01:24.784109,4.88698,47.7,1500022656,4.1,ondemand,0,0,False,False,False,False,False,False,False,False
2024-11-21 21:01:25.828358,4.8776,47.7,1700024448,1.9,ondemand,0,0,False,False,False,False,False,False,False,False
2024-11-21 21:01:26.897396,4.90038,46.6,1500022656,0.7,ondemand,0,0,False,False,False,False,False,False,False,False
2024-11-21 21:01:27.973003,4.89636,46.6,1500012800,0.0,ondemand,0,0,False,False,False,False,False,False,False,False
2024-11-21 21:01:29.049482,4.90038,47.7,1500012800,0.5,ondemand,0,0,False,False,False,False,False,False,False,False
2024-11-21 21:01:30.126909,4.88698,46.6,1500019456,0.7,ondemand,0,0,False,False,False,False,False,False,False,False
2024-11-21 21:01:31.206194,4.89636,48.3,1500022656,1.4,ondemand,0,0,False,False,False,False,False,False,False,False
2024-11-21 21:01:32.284720,4.89904,47.7,1500022656,1.4,ondemand,0,0,False,False,False,False,False,False,False,False
2024-11-21 21:01:33.361637,4.89636,46.6,1500019456,0.7,ondemand,0,0,False,False,False,False,False,False,False,False
2024-11-21 21:01:34.438143,4.90172,48.8,1500019456,0.7,ondemand,0,0,False,False,False,False,False,False,False,False
2024-11-21 21:01:35.515029,4.89234,47.7,1500016128,0.7,ondemand,0,0,False,False,False,False,False,False,False,False
2024-11-21 21:01:36.591782,4.8977,47.7,1500012800,1.9,ondemand,0,0,False,False,False,False,False,False,False,False
2024-11-21 21:01:37.668491,4.89502,46.6,1500019456,0.9,ondemand,0,0,False,False,False,False,False,False,False,False
2024-11-21 21:01:38.746211,4.891,46.6,1500012800,0.9,ondemand,0,0,False,False,False,False,False,False,False,False
2024-11-21 21:01:39.822880,4.89234,47.7,1500012800,1.2,ondemand,0,0,False,False,False,False,False,False,False,False
2024-11-21 21:01:40.900589,4.90172,48.3,1500012800,2.3,ondemand,0,0,False,False,False,False,False,False,False,False
2024-11-21 21:01:41.977233,4.90172,48.3,1500012800,0.9,ondemand,0,0,False,False,False,False,False,False,False,False
2024-11-21 21:01:43.054492,4.90306,48.8,1500016128,0.9,ondemand,0,0,False,False,False,False,False,False,False,False
2024-11-21 21:01:44.131719,4.8977,46.6,1500012800,1.2,ondemand,0,0,False,False,False,False,False,False,False,False
2024-11-21 21:01:45.208873,4.90172,47.7,1500019456,1.4,ondemand,0,0,False,False,False,False,False,False,False,False
2024-11-21 21:01:46.285428,4.90038,46.6,1500019456,1.4,ondemand,0,0,False,False,False,False,False,False,False,False
2024-11-21 21:01:47.362608,4.89234,47.2,1500019456,0.7,ondemand,0,0,False,False,False,False,False,False,False,False
2024-11-21 21:01:48.440221,4.89502,46.6,1500016128,1.2,ondemand,0,0,False,False,False,False,False,False,False,False
2024-11-21 21:01:49.516819,4.89636,47.7,1500019456,1.2,ondemand,0,0,False,False,False,False,False,False,False,False
2024-11-21 21:01:50.594679,4.8977,46.6,1500016128,1.1,ondemand,0,0,False,False,False,False,False,False,False,False
2024-11-21 21:01:51.672006,4.8977,47.2,1500012800,0.9,ondemand,0,0,False,False,False,False,False,False,False,False
2024-11-21 21:01:52.752336,4.89636,47.7,1500016128,1.2,ondemand,0,0,False,False,False,False,False,False,False,False
2024-11-21 21:01:53.828496,4.89368,47.7,1500022656,1.2,ondemand,0,0,False,False,False,False,False,False,False,False
2024-11-21 21:01:54.906004,4.89904,47.7,1500019456,1.2,ondemand,0,0,False,False,False,False,False,False,False,False
2024-11-21 21:01:55.981117,4.89904,46.6,1500019456,0.9,ondemand,0,0,False,False,False,False,False,False,False,False
2024-11-21 21:01:57.058796,4.90038,47.7,1500016128,1.9,ondemand,0,0,False,False,False,False,False,False,False,False
2024-11-21 21:01:58.137147,4.89636,46.6,1500016128,1.4,ondemand,0,0,False,False,False,False,False,False,False,False
2024-11-21 21:01:59.217080,4.89904,47.2,1500016128,0.9,ondemand,0,0,False,False,False,False,False,False,False,False
2024-11-21 21:02:00.295061,4.8977,47.7,1500012800,1.2,ondemand,0,0,False,False,False,False,False,False,False,False
2024-11-21 21:02:01.373095,4.93522,47.7,1500019456,1.2,ondemand,0,0,False,False,False,False,False,False,False,False
2024-11-21 21:02:02.451462,4.88296,48.8,1500016128,1.6,ondemand,0,0,False,False,False,False,False,False,False,False
2024-11-21 21:02:03.531186,4.88028,49.4,2400033792,12.0,ondemand,0,0,False,False,False,False,False,False,False,False
2024-11-21 21:02:04.608224,4.88162,47.7,2400020480,1.8,ondemand,0,0,False,False,False,False,False,False,False,False
2024-11-21 21:02:05.717878,4.88698,47.7,2400027136,14.7,ondemand,0,0,False,False,False,False,False,False,False,False
2024-11-21 21:02:06.794970,4.87894,49.4,2400023808,6.1,ondemand,0,0,False,False,False,False,False,False,False,False
2024-11-21 21:02:07.871045,4.88162,49.4,1500022656,2.1,ondemand,0,0,False,False,False,False,False,False,False,False
2024-11-21 21:02:08.951940,4.86554,49.4,1700027648,6.7,ondemand,0,0,False,False,False,False,False,False,False,False
2024-11-21 21:02:10.033132,4.88564,47.2,1500012800,3.9,ondemand,0,0,False,False,False,False,False,False,False,False
2024-11-21 21:02:11.114880,4.88832,48.3,2400030464,10.9,ondemand,5,75,False,False,False,False,False,False,False,False
2024-11-21 21:02:12.191351,4.88564,48.3,2400030464,2.6,ondemand,1095,75,False,False,False,False,False,False,False,False
2024-11-21 21:02:13.270630,4.87626,49.4,2400037120,1.8,ondemand,1194,75,False,False,False,False,False,False,False,False
2024-11-21 21:02:14.346182,4.88162,51.0,2400027136,0.9,ondemand,1206,75,False,False,False,False,False,False,False,False
2024-11-21 21:02:15.423939,4.88162,48.3,2400030464,1.2,ondemand,1209,75,False,False,False,False,False,False,False,False
2024-11-21 21:02:16.498703,4.88162,48.3,1600017024,4.4,ondemand,1210,75,False,False,False,False,False,False,False,False
2024-11-21 21:02:17.576166,4.87894,48.8,1600020224,3.7,ondemand,1210,75,False,False,False,False,False,False,False,False
2024-11-21 21:02:18.658151,4.88698,47.7,1500016128,4.4,ondemand,1210,75,False,False,False,False,False,False,False,False
2024-11-21 21:02:19.739957,4.86286,49.4,1800022016,7.3,ondemand,1212,75,False,False,False,False,False,False,False,False
2024-11-21 21:02:20.817906,4.89368,49.4,1600013696,3.5,ondemand,1211,75,False,False,False,False,False,False,False,False
2024-11-21 21:02:21.898169,4.88698,48.3,1500019456,3.9,ondemand,1213,75,False,False,False,False,False,False,False,False
2024-11-21 21:02:22.974707,4.891,48.3,1500019456,3.5,ondemand,1213,75,False,False,False,False,False,False,False,False
2024-11-21 21:02:24.052706,4.88028,49.4,1700021120,7.0,ondemand,1213,75,False,False,False,False,False,False,False,False
2024-11-21 21:02:25.098039,4.87224,48.3,1600017024,4.9,ondemand,1214,75,False,False,False,False,False,False,False,False
2024-11-21 21:02:26.142198,4.89636,48.3,1500016128,2.2,ondemand,1214,75,False,False,False,False,False,False,False,False
2024-11-21 21:02:27.194133,4.88564,48.8,2400020480,6.3,ondemand,1212,75,False,False,False,False,False,False,False,False
2024-11-21 21:02:28.239219,4.88564,48.8,2400027136,1.0,ondemand,1212,75,False,False,False,False,False,False,False,False
2024-11-21 21:02:29.283228,4.87894,49.4,2400033792,5.1,ondemand,1212,75,False,False,False,False,False,False,False,False
2024-11-21 21:02:30.336031,4.87894,48.3,2400020480,3.1,ondemand,1212,75,False,False,False,False,False,False,False,False
2024-11-21 21:02:31.379740,4.89636,47.2,1500016128,0.0,ondemand,1216,75,False,False,False,False,False,False,False,False
2024-11-21 21:02:32.524988,4.89636,48.3,1500019456,0.0,ondemand,1220,75,False,False,False,False,False,False,False,False
2024-11-21 21:02:33.575410,4.89904,48.3,1500019456,0.5,ondemand,1222,75,False,False,False,False,False,False,False,False
2024-11-21 21:02:34.619613,4.89368,47.2,1500022656,0.0,ondemand,1223,75,False,False,False,False,False,False,False,False
2024-11-21 21:02:35.663556,4.89636,47.7,1500016128,0.0,ondemand,1224,75,False,False,False,False,False,False,False,False
2024-11-21 21:02:36.706619,4.89234,46.6,1500012800,0.0,ondemand,1226,75,False,False,False,False,False,False,False,False
2024-11-21 21:02:37.750450,4.90038,47.2,1500012800,0.2,ondemand,1227,75,False,False,False,False,False,False,False,False
2024-11-21 21:02:38.793705,4.88698,49.4,2400023808,3.4,ondemand,1228,75,False,False,False,False,False,False,False,False
2024-11-21 21:02:39.839953,4.8173,49.4,2400030464,4.6,ondemand,1224,75,False,False,False,False,False,False,False,False
2024-11-21 21:02:40.894157,4.88162,46.6,2400030464,1.2,ondemand,1223,75,False,False,False,False,False,False,False,False
